{"accuracy": 0.9066265060240963, "precision": 0.7916666666666666, "recall": 0.05352112676056338, "f1": 0.10026385224274406, "roc_auc": 0.6962548112453917}